﻿<?xml version="1.0" ?>
<multilanguage>
  <default>
    <language>en</language>
  </default>
  <list>
    <string>
      <key>WINDOW_TITLE</key>
      <language>
        <ko>Game Package Manager</ko>
        <en>Game Package Manager</en>
      </language>
    </string>
    <string>
      <key>VERSION</key>
      <language>
        <ko>버전</ko>
        <en>Version</en>
      </language>
    </string>
    <string>
      <key>COPYRIGHT</key>
      <language>
        <ko>ⓒ NHN Corp. All rights reserved.</ko>
        <en>ⓒ NHN Corp. All rights reserved.</en>
      </language>
    </string>
    <string>
      <key>LANGUAGE</key>
      <language>
        <ko>언어</ko>
        <en>Language</en>
      </language>
    </string>
    <string>
      <key>SERVICE_LIST</key>
      <language>
        <ko>서비스 목록</ko>
        <en>Service List</en>
      </language>
    </string>
    <string>
      <key>SERVICE_INSTALL</key>
      <language>
        <ko>설치</ko>
        <en>Install</en>
      </language>
    </string>
    <string>
      <key>SERVICE_UPDATE</key>
      <language>
        <ko>업데이트</ko>
        <en>Update</en>
      </language>
    </string>
    <string>
      <key>SERVICE_UPDATE_VERSION</key>
      <language>
        <ko>{0} 업데이트</ko>
        <en>{0} Update</en>
      </language>
    </string>
    <string>
      <key>SERVICE_UNINSTALL</key>
      <language>
        <ko>제거</ko>
        <en>Remove</en>
      </language>
    </string>
    <string>
      <key>SERVICE_PREPARE</key>
      <language>
        <ko>준비 중</ko>
        <en>Preparing</en>
      </language>
    </string>
    <string>
      <key>SUPPORT_UNITY_VERSION</key>
      <language>
        <ko>Unity 지원 버전</ko>
        <en>Support version of Unity</en>
      </language>
    </string>
    <string>
      <key>SERVICE_LIST_LOADING</key>
      <language>
        <ko>서비스 목록을 로드하고 있습니다.</ko>
        <en>Loading service list.</en>
      </language>
    </string>
    <string>
      <key>SERVICE_LIST_NOT_FOUND</key>
      <language>
        <ko>서비스 목록을 찾을 수 없습니다.</ko>
        <en>Service list is not found.</en>
      </language>
    </string>
    <string>
      <key>SERVICE_INFO_LOADING</key>
      <language>
        <ko>서비스 정보를 로드하고 있습니다.</ko>
        <en>Loading service information.</en>
      </language>
    </string>
    <string>
      <key>SERVICE_INFO_NOT_FOUND</key>
      <language>
        <ko>서비스 정보를 찾을 수 없습니다.</ko>
        <en>Service information is not found.</en>
      </language>
    </string>
    <string>
      <key>SERVICE_INFO_UPDATE_COMPLETED</key>
      <language>
        <ko>새로운 정보가 업데이트 되었습니다. 다시 시도해 주세요.</ko>
        <en>New service information is updated. Try again.</en>
      </language>
    </string>
    <string>
      <key>SERVICE_DEPENDENCY</key>
      <language>
        <ko>Dependencies</ko>
        <en>Dependencies</en>
      </language>
    </string>
    <string>
      <key>SERVICE_DEPENDENCY_IS_USING</key>
      <language>
        <ko>Is using</ko>
        <en>Is using</en>
      </language>
    </string>
    <string>
      <key>SERVICE_DEPENDENCY_IS_USING_EMPTY</key>
      <language>
        <ko>[nothing]</ko>
        <en>[nothing]</en>
      </language>
    </string>
    <string>
      <key>SERVICE_DEPENDENCY_USED_BY</key>
      <language>
        <ko>Used by</ko>
        <en>Used by</en>
      </language>
    </string>
    <string>
      <key>SERVICE_DEPENDENCY_USED_BY_EMPTY</key>
      <language>
        <ko>[nothing]</ko>
        <en>[nothing]</en>
      </language>
    </string>
    <string>
      <key>UNITY_NOT_SUPPORT_VERSION</key>
      <language>
        <ko>해당 Unity 버전은 지원되지 않습니다.</ko>
        <en>The Unity version is not supported.</en>
      </language>
    </string>
    <string>
      <key>LIST_SCROLL_UP</key>
      <language>
        <ko>▲</ko>
        <en>▲</en>
      </language>
    </string>
    <string>
      <key>LIST_SCROLL_DOWN</key>
      <language>
        <ko>▼</ko>
        <en>▼</en>
      </language>
    </string>
    <string>
      <key>INFO_TITLE</key>
      <language>
        <ko>GPM 정보</ko>
        <en>GPM Information</en>
      </language>
    </string>
    <string>
      <key>INFO_SUPPORT_MAIL</key>
      <language>
        <ko>지원 메일</ko>
        <en>Supporting Mail</en>
      </language>
    </string>
    <string>
      <key>INFO_SUPPORT_MAIL_COPY</key>
      <language>
        <ko>복사</ko>
        <en>Copy</en>
      </language>
    </string>
    <string>
      <key>INFO_SUPPORT_MAIL_COPY_COMPLETED</key>
      <language>
        <ko>복사 완료</ko>
        <en>Copy completed</en>
      </language>
    </string>
    <string>
      <key>INFO_DOCUMENT</key>
      <language>
        <ko>문서 보기</ko>
        <en>Document</en>
      </language>
    </string>
    <string>
      <key>INFO_ISSUE_SUGGEST</key>
      <language>
        <ko>이슈, 제안</ko>
        <en>Issues, suggest</en>
      </language>
    </string>
    <string>
      <key>INFO_ASSETSTORE</key>
      <language>
        <ko>에셋스토어</ko>
        <en>AssetStore</en>
      </language>
    </string>
    <string>
      <key>INFO_RELEASE_NOTES</key>
      <language>
        <ko>릴리스 정보</ko>
        <en>Release notes</en>
      </language>
    </string>
    <string>
      <key>DOCUMENT_URL</key>
      <language>
        <ko>https://github.com/nhn/gpm.unity/blob/main/README.md</ko>
        <en>https://github.com/nhn/gpm.unity/blob/main/README.en.md</en>
      </language>
    </string>
    <string>
      <key>ISSUE_URL</key>
      <language>
        <ko>https://github.com/nhn/gpm.unity/issues</ko>
        <en>https://github.com/nhn/gpm.unity/issues</en>
      </language>
    </string>
    <string>
      <key>ASSETSTORE_URL</key>
      <language>
        <ko>https://assetstore.unity.com/packages/tools/utilities/game-package-manager-147711</ko>
        <en>https://assetstore.unity.com/packages/tools/utilities/game-package-manager-147711</en>
      </language>
    </string>
    <string>
      <key>UPDATEABLE</key>
      <language>
        <ko>업데이트 가능</ko>
        <en>Updatable</en>
      </language>
    </string>
    <string>
      <key>POPUP_OK</key>
      <language>
        <ko>확인</ko>
        <en>Check</en>
      </language>
    </string>
    <string>
      <key>POPUP_CANCEL</key>
      <language>
        <ko>취소</ko>
        <en>Cancel</en>
      </language>
    </string>
    <string>
      <key>SERVICE_REMOVE_TRY_TITLE</key>
      <language>
        <ko>서비스 제거</ko>
        <en>Remove Service</en>
      </language>
    </string>
    <string>
      <key>SERVICE_REMOVE_TRY_MESSAGE</key>
      <language>
        <ko>해당 경로에 있는 파일이 삭제됩니다. 진행하시겠습니까?</ko>
        <en>Files on the path shall be deleted. Do you want to proceed?</en>
      </language>
    </string>
    <string>
      <key>WARNING_TITLE_PREV_BRAND_SERVICE</key>
      <language>
        <ko>새로운 서비스 설치 안내</ko>
        <en>New service installation guide</en>
      </language>
    </string>
    <string>
      <key>WARNING_MESSAGE_PREV_BRAND_SERVICE</key>
      <language>
        <ko>TOAST Kit 브랜드가 Game Package Manager(GPM)로 새단장하였습니다. 보다 나은 서비스를 사용하기 위해서 TOAST Kit은 완전히 삭제하시길 바랍니다.\n\n기존에 사용하시던 서비스는 GPM에서 새로운 버전으로 설치 및 사용하실 수 있습니다.\n\n기존 사용중인 서비스 목록{0}</ko>
        <en>TOAST Kit brand has been rebranded with Game Package Manager (GPM). Please completely delete TOAST Kit to use better service.\n\nThe existing service can be installed and used as a new version in GPM.\n\nList of services in use{0}</en>
      </language>
    </string>
    <string>
      <key>ERROR_TITLE_UNKNOWN</key>
      <language>
        <ko>오류</ko>
        <en>Error</en>
      </language>
    </string>
    <string>
      <key>ERROR_TITLE_CDN</key>
      <language>
        <ko>서버 오류</ko>
        <en>Error in server</en>
      </language>
    </string>
    <string>
      <key>ERROR_TITLE_INSTALL</key>
      <language>
        <ko>서비스 설치 오류</ko>
        <en>Error in install Service</en>
      </language>
    </string>
    <string>
      <key>ERROR_TITLE_UNINSTALL</key>
      <language>
        <ko>서비스 제거 오류</ko>
        <en>Error in remove Service</en>
      </language>
    </string>
    <string>
      <key>ERROR_TITLE_SERVICE_LIST</key>
      <language>
        <ko>서비스 목록 조회 오류</ko>
        <en>Error in query service list</en>
      </language>
    </string>
    <string>
      <key>ERROR_TITLE_SERVICE_INFO</key>
      <language>
        <ko>서비스 정보 조회 오류</ko>
        <en>Error in query service information</en>
      </language>
    </string>
    <string>
      <key>ERROR_TITLE_SERVICE_INFO_UPDATE</key>
      <language>
        <ko>서비스 정보 오류</ko>
        <en>Error in service info</en>
      </language>
    </string>
    <string>
      <key>ERROR_TITLE_SETTING</key>
      <language>
        <ko>설정 오류</ko>
        <en>Error in setting</en>
      </language>
    </string>
    <string>
      <key>ERROR_TITLE_NETWORK</key>
      <language>
        <ko>네트워크 오류</ko>
        <en>Error in network</en>
      </language>
    </string>
    <string>
      <key>ERROR_MESSAGE_CUSTOM_MESSAGE</key>
      <language>
        <ko>메시지: {0}</ko>
        <en>Message: {0}</en>
      </language>
    </string>
    <string>
      <key>ERROR_MESSAGE_PARAMETER</key>
      <language>
        <ko>잘못된 값이 있습니다.</ko>
        <en>Includes invalid value.</en>
      </language>
    </string>
    <string>
      <key>ERROR_MESSAGE_CHANGE_LANGUAGE</key>
      <language>
        <ko>언어를 변경하지 못했습니다.</ko>
        <en>Failed to change language.</en>
      </language>
    </string>
    <string>
      <key>ERROR_MESSAGE_NETWORK</key>
      <language>
        <ko>네트워크 오류가 발생했습니다. 잠시 후 다시 시도해 주세요.</ko>
        <en>Error has occurred in network. Try again in a moment.</en>
      </language>
    </string>
    <string>
      <key>ERROR_MESSAGE_CDN_INFO</key>
      <language>
        <ko>서버 정보가 잘못되었습니다.</ko>
        <en>Server information is not valid.</en>
      </language>
    </string>
    <string>
      <key>ERROR_MESSAGE_INSTALL_INFO_LOAD</key>
      <language>
        <ko>설치 정보 파일을 읽지 못했습니다.</ko>
        <en>Failed to read file for installation.</en>
      </language>
    </string>
    <string>
      <key>ERROR_MESSAGE_SERVICE_LIST_GET_FAILED</key>
      <language>
        <ko>서비스 목록을 가져오지 못했습니다.</ko>
        <en>Failed to import service list.</en>
      </language>
    </string>
    <string>
      <key>ERROR_MESSAGE_SERVICE_INFO_LOAD_FAILED</key>
      <language>
        <ko>서비스 정보가 잘못되었습니다.</ko>
        <en>Service information is not valid.</en>
      </language>
    </string>
    <string>
      <key>ERROR_MESSAGE_SERVICE_LANGAGE_LOAD_FAILED</key>
      <language>
        <ko>서비스 언어 파일을 가져오지 못했습니다.</ko>
        <en>Failed to import service language file.</en>
      </language>
    </string>
    <string>
      <key>ERROR_MESSAGE_SERVICE_IMAGE_GET_FAILED</key>
      <language>
        <ko>서비스 이미지 정보를 가져오지 못했습니다.</ko>
        <en>Failed to import service image file.</en>
      </language>
    </string>
    <string>
      <key>ERROR_MESSAGE_MANUAL_UPDATE_SERVICE</key>
      <language>
        <ko>{0} 서비스를 업데이트한 후 진행하세요.</ko>
        <en>First update {0} service before proceed.</en>
      </language>
    </string>
    <string>
      <key>ERROR_MESSAGE_INSTALL_FAILED</key>
      <language>
        <ko>서비스를 설치하지 못했습니다.</ko>
        <en>Failed to install service.</en>
      </language>
    </string>
    <string>
      <key>ERROR_MESSAGE_REMOVE_FAILED</key>
      <language>
        <ko>서비스를 제거하지 못했습니다.</ko>
        <en>Failed to remove service.</en>
      </language>
    </string>
    <string>
      <key>ERROR_MESSAGE_INSTALL_PATH_NOT_FOUND</key>
      <language>
        <ko>설치 경로를 찾을 수 없습니다.</ko>
        <en>Installation path is not found.</en>
      </language>
    </string>
    <string>
      <key>ERROR_MESSAGE_DOWNLOAD_FAILED</key>
      <language>
        <ko>서비스 패키지를 다운로드하지 못했습니다.</ko>
        <en>Failed to download service package.</en>
      </language>
    </string>
    <string>
      <key>ERROR_MESSAGE_DOWNLOAD_FAILED_WAIT</key>
      <language>
        <ko>서비스 패키지를 다운로드하지 못했습니다. 잠시 후 다시 시도해 주세요.</ko>
        <en>Failed to download service package. Try again in a moment.</en>
      </language>
    </string>
    <string>
      <key>ERROR_MESSAGE_ALREADY_INSTALL</key>
      <language>
        <ko>이미 설치 중인 서비스가 있습니다. 완료 후 시도해 주세요.</ko>
        <en>Service is already under installation. Complete it first and try again.</en>
      </language>
    </string>
    <string>
      <key>ERROR_MESSAGE_ALREADY_INSTALLED</key>
      <language>
        <ko>이미 설치되어 있습니다.</ko>
        <en>Already installed.</en>
      </language>
    </string>
    <string>
      <key>ERROR_MESSAGE_DEPENDENCY_SERVICE_INSTALL_FAILED</key>
      <language>
        <ko>{0} 서비스 설치에 실패했습니다.</ko>
        <en>{0} Failed to install service.</en>
      </language>
    </string>
    <string>
      <key>ERROR_MESSAGE_DEPENDENCY_SERVICE_REMOVE_FAILED</key>
      <language>
        <ko>해당 서비스는 다음 서비스에서 사용 중입니다.\n{0}\n\n사용중인 서비스를 먼저 삭제하시기 바랍니다.</ko>
        <en>This service is already used in following service. \n{0}\n\n Delete it first.</en>
      </language>
    </string>
    <string>
      <key>LAST_UPDATE</key>
      <language>
        <ko>마지막 업데이트</ko>
        <en>Last Update</en>
      </language>
    </string>
  </list>
</multilanguage>
